{
    "000001": [
      31.000000000000007,
      23,
      0,
      50,
      50,
      0,
      33.33333333333333,
      100,
      0,
      50
    ],
    "000002": [
      31.000000000000007,
      51,
      0,
      16.000000000000004,
      50,
      0,
      22.22222222222222,
      100,
      0,
      50
    ]
  }